participants/id,participants/age,participants/name,participants/email,participants/workStart,participants/workEnd
1,20,Bird Ramsey,birdramsey@nimon.com,2021-07-01T00:00+00Z,2021-09-30T00:00+00Z
2,21,Lillian Burgess,lillianburgess@luxuria.com,2021-07-01T00:00+00Z,2021-09-30T00:00+00Z
3,22,Kristie Cole,kristiecole@quadeebo.com,2020-07-01T00:00+00Z,2020-09-30T00:00+00Z
4,23,Leonor Cross,leonorcross@gronk.com,2020-07-01T00:00+00Z,2020-09-30T00:00+00Z
5,24,Marsh Mccall,marshmccall@ultrimax.com,2020-07-01T00:00+00Z,2020-09-30T00:00+00Z
